"DYRK1A_N","ITSN1_N","BDNF_N","NR1_N","NR2A_N","pAKT_N","pBRAF_N","pCAMKII_N","pCREB_N","pELK_N","pERK_N","pJNK_N","PKCA_N","pMEK_N","pNR1_N","pNR2A_N","pNR2B_N","pPKCAB_N","pRSK_N","AKT_N","BRAF_N","CAMKII_N","CREB_N","ELK_N","ERK_N","GSK3B_N","JNK_N","MEK_N","TRKA_N","RSK_N","APP_N","Bcatenin_N","MTOR_N","P38_N","pMTOR_N","DSCR1_N","AMPKA_N","NR2B_N","pNUMB_N","RAPTOR_N","TIAM1_N","pP70S6_N","NUMB_N","P70S6_N","pGSK3B_N","pPKCG_N","CDK5_N","S6_N","ADARB1_N","AcetylH3K9_N","RRP1_N","BAX_N","ARC_N","ERBB4_N","nNOS_N","Tau_N","GFAP_N","GluR3_N","GluR4_N","IL1B_N","P3525_N","pCASP9_N","PSD95_N","SNCA_N","Ubiquitin_N","pGSK3B_Tyr216_N","SHH_N","pS6_N","SYP_N","CaNA_N","Genotype","Treatment","Behavior"
0.427988960239335,0.611944658137403,0.316096289195374,2.05729455881555,3.45092957611184,0.288469904055048,0.179681593838816,2.53912457457903,0.192975074332408,1.55622286408988,0.618997580428765,0.360547072933554,0.300352362299013,0.316965651825448,0.758237856423981,0.716172247713022,1.50347849863455,1.27539748081421,0.427307852845509,0.658070754836145,0.429524571567041,0.411082034298396,0.185902963706655,1.04000142403429,2.78803375368964,1.01496577700382,0.252193903339127,0.286958997350279,0.686148047863109,0.189610212940055,0.406578478028739,1.85157616973801,0.44692222297658,0.353870238397394,0.745360192654636,0.766540838264562,0.373137100238049,0.567471644633143,0.440853825619672,0.328152195213697,0.469717034373891,0.254613017544013,0.179005320280662,0.91234498239611,0.189447503458076,1.38035837692719,0.323753168305826,0.603482205814541,1.33225475500985,0.219334836448703,0.206286933391732,0.1721784441115,0.105467264042171,0.162167963295853,0.157320047732347,0.193723808999669,0.133107916847515,0.14208933361401,0.0929886253002268,0.522884756073598,0.302202742948199,1.3802933757892,2.05857895272481,0.192071295547376,1.31932319044893,0.739724621158157,0.226596528135339,0.11428936249645,0.431327833046052,1.32225028440041,"Ts65Dn","Saline","C/S"
0.274969387824508,0.538051438126326,0.321415438937404,2.35000825328902,3.68156598837571,0.277863564222916,0.195006240483836,2.80978090100917,0.258242941226914,1.18355421464282,0.289770578980358,0.339753797295126,0.29355662149441,0.283106736170877,0.836743094989819,0.846864924633914,1.57813408120696,0.980047977851936,0.482876913895496,0.667732503031344,0.276451750196152,0.339655925378859,0.187892893401444,1.16761565632343,2.3729387313995,0.982698209756307,0.264342812871892,0.244150130450978,0.666729318446101,0.173534421344322,0.383429570550982,2.20951413286838,0.400459535818388,0.393432192482459,0.791107229503529,0.576159200045082,0.349018056865041,0.543252409867395,0.338295540095932,0.342922521830153,0.425589191539781,0.367116261019266,0.192455555522709,0.95904015175886,0.138588337248626,1.59629931005934,0.270246260107382,0.522333352235393,1.17285511322928,0.8244345055953,0.168981157024332,0.185899598478507,0.130566855528755,0.194636630119757,0.205721140117161,0.398893807839984,0.126036096766187,0.194026982863345,0.102873851344271,0.610635431108541,0.280147497071586,1.76040782337958,2.44183294879002,0.155200682055554,1.37900925855921,0.782226162566619,0.214158749969574,0.126158821043837,0.486545175933877,1.23723786373647,"Ts65Dn","Memantine","S/C"
0.318280411454473,0.471400513115465,0.32494596752949,2.58586685675354,4.04892563760803,0.264530656393992,0.207836132727323,3.69791209034392,0.241246187877459,1.35753256437355,0.406278561202906,0.3394270713076,0.292960417112903,0.287609457409181,0.894163881711874,0.899187589659246,1.80690031119348,1.18078093455315,0.408403658290806,0.685848300153771,0.298125875913581,0.408512839442986,0.197104559910079,1.03781336717048,2.22663468490641,1.15454541137977,0.233803642702732,0.282620722023767,0.695122844047093,0.176226960222473,0.410949874412327,2.19536577439653,0.505719924193441,0.551862955195062,0.896939216187882,0.58217738590675,0.356044561219761,0.616522629557692,0.346146207518096,0.332619317767332,0.428331342233941,0.464929294041639,0.149636937824922,1.04840623667014,0.117249106265279,1.54384883062682,0.270173169603152,0.234715772357034,1.01069360548202,0.0471233423928926,0.147321345436624,0.167325789518657,0.127545736230381,0.167998738503577,0.174765844979645,0.145308703076323,0.109867656599298,0.258382183067646,0.139903949665007,0.602336089257141,0.268965579849382,1.68645417470268,2.44323193017387,0.19617807663082,1.45196221042578,0.877406501786278,0.274983605804007,0.157596643638965,0.469058879379224,1.0552848576065,"Control","Memantine","S/C"
0.413630578844509,0.579575968074564,0.34586988385006,2.36004681843258,4.54493504864213,0.225489787062849,0.21217990864433,2.67746524121021,0.202959556686008,1.42754401867173,0.533385251478351,0.290989403287084,0.371645395428137,0.244238932167722,0.847156801159545,0.476140757140587,1.45118200148539,1.89036155707646,0.481457909892778,0.643719742952145,0.358968812678795,0.370726321090136,0.183505513390509,1.16328191779677,2.63010416766374,1.3207950286437,0.254425315296923,0.260085501559328,0.70140155195303,0.158716648018518,0.394650517631679,2.28122285379274,0.423554590589825,0.337272975428092,0.72162238282976,0.54706681087087,0.340843626139993,0.525967900544791,0.34862819587275,0.320601989073602,0.428324292517143,0.420546577779885,0.136453705980802,0.720866732936166,0.187909529933658,1.75951685173668,0.31250838975346,0.301167997415607,1.08981352400334,0.168196521258444,0.158673799734053,0.184990612361751,0.103205482605897,0.133204289013472,0.161598085029119,0.115544063727279,0.100063136693379,0.226129128801326,0.123956988193902,0.438542292055053,0.259065439725206,1.43108487688231,1.90577405936266,0.110185980840138,0.958435243930491,0.820530149051707,0.179655408063372,0.101198118681558,0.422079326689192,1.66425064251387,"Control","Memantine","C/S"
0.60247856686181,0.663114301697957,0.371800407034659,2.36909771035047,4.43345773811295,0.244077858462545,0.215206745076772,2.66999904773265,0.165503255022427,1.87575768464381,0.87176007487806,0.341456254568654,0.338696067280847,0.262772136692885,0.845019097677762,0.658622648909439,1.55258213908428,1.42329448944615,0.398087622730158,0.710889406256789,0.49635820241062,0.365489496136016,0.193749529279239,1.09191664880355,2.95775007033624,1.22375328055461,0.257922323655903,0.260732911372151,0.640791434051048,0.168970979060491,0.380985240634208,1.98490414261449,0.548793887027436,0.432194461847618,0.876597316777582,0.7382396820211,0.474020724873475,0.617437725970945,0.448331439969102,0.409547954148493,0.512974181189196,0.279926401102236,0.176171178705523,0.792931969580017,0.19321329798867,0.922805905858022,0.279428913385444,0.291655975229558,1.0162513113546,0.119834426915208,0.208565466813212,0.157576093951358,0.0925937183699787,0.13614439209012,0.150754068584147,0.159692046546485,0.123190771785127,0.193789273189579,0.117825102922899,0.369783643282166,0.23024024003955,1.07501117833958,1.58298201069801,0.150343777742264,1.08403362216789,0.664749465662852,0.181747749035694,0.105639298687573,0.420816148020996,1.19835315715432,"Control","Memantine","C/S"
0.529626037777756,0.7930026663983,0.417595515603973,2.72185846447752,5.7209600005616,0.262589411089611,0.19890892932493,2.83259825690805,0.225508622435645,1.79099953785585,0.867560689372069,0.374744013728402,0.36040101939418,0.278651163339167,0.980891665919265,0.841658645338571,1.92543400876847,1.81990482035256,0.405828909211853,0.911510606504844,0.481032934426204,0.425112647100128,0.197578860622095,1.69450085847447,3.82117233347866,1.46864095365099,0.274803559008484,0.328510324277922,0.812555534112147,0.195314983560692,0.429491875067967,2.39834086571727,0.561492620361046,0.424454468154673,0.821530811132337,0.707923276010022,0.508569940263094,0.718764965065265,0.498439276740207,0.401707760041008,0.510226059121575,0.217572858484743,0.231280968539087,1.06711374890894,0.195338431686417,0.745095913794568,0.368359559380272,0.536483593285688,1.77268991699802,0.131638501429763,0.1820146430038,0.198126389522308,0.153214764282832,0.182691500972003,0.186010313678856,0.26680249741804,0.126302059934461,0.199569740161543,0.109472409588125,0.536632866082277,0.305261432595079,1.5530646868754,2.1417085833723,0.147745707375904,1.26513619040548,0.863011874969069,0.211540790168568,0.125556770730708,0.55032322839262,1.62401071560468,"Control","Memantine","C/S"
0.453383925015629,0.646761754088883,0.377130191162621,2.77404982804788,5.50928236856833,0.240385367476685,0.18091711319582,2.84946768453957,0.196644652163993,1.54082074412118,0.688285295723492,0.336918990895022,0.328816994862944,0.27227628749582,0.975576503907161,0.745111283838992,1.86603252608573,1.56015416943745,0.386724320625184,0.837680601268543,0.389901347402509,0.433749521908794,0.191553480727098,1.52229214440386,3.46160257444062,1.35362972993007,0.28059102183122,0.294075784988833,0.800630487789351,0.153429131576789,0.394362849447356,2.29475717375421,0.512709792631782,0.397161245377075,0.807711943983879,0.67320867391759,0.432295894384947,0.694741407200305,0.474673862350927,0.366210137043387,0.446069234909647,0.17511022374892,0.214231268007687,1.07638545713698,0.176879440896558,0.897184459735049,0.33935438836082,0.520444101115089,1.83703085268727,0.0932035691417512,0.175908116068265,0.191674635784121,0.146592347747872,0.204185624167449,0.205885440225234,0.231232837422655,0.12769819608636,0.222550988756788,0.125959779194704,0.577048190982911,0.343400559593828,1.64523371541204,2.43050259399993,0.170994350196391,1.33535157915148,0.908353203283171,0.228754612961094,0.146120011322751,0.548552182304022,1.68328318403344,"Control","Memantine","C/S"
0.360463772648786,0.505702092059857,0.327246031171525,2.17873660827141,4.45231659283501,0.229136596950346,0.170745026312359,2.79758141573457,0.179110678407395,1.25161657838487,0.56169219920214,0.327930270644356,0.304231950271045,0.277325514504664,0.799371008316589,0.800677933280985,1.59920882366004,1.14158793206285,0.355328812691512,0.70802218196158,0.310053003022726,0.382518228989833,0.174246783596121,1.09494279721021,2.82917129874392,1.02900802541982,0.255307860713224,0.276645325975505,0.670648273839701,0.157163216318991,0.404679959694468,1.88643385281225,0.492694762201341,0.444257359141385,0.782655947904054,0.636073335311725,0.398005819083142,0.591822130574251,0.497795031802142,0.346798502240119,0.406570999873668,0.209176720848149,0.203345474322306,1.0465615611974,0.177262664257365,0.847051806633623,0.34596287980956,0.387926269258226,1.31781559107505,0.0997291846475233,0.16093325228106,0.170515917465338,0.135969058520543,0.169992117036161,0.172134635628214,0.186558883803114,0.125140845407758,0.243816836766131,0.141255247677744,0.663972346646347,0.32516552200692,1.75890743519256,2.23157010830861,0.185504365671252,1.3250027577775,0.841136987447562,0.247751290111917,0.153364998415609,0.479050831042284,1.62084636737181,"Control","Memantine","C/S"
0.319359453103622,0.530550878488193,0.32411453169918,2.38896571165202,4.25016731117343,0.26879896454524,0.207608334520819,2.81138497555923,0.25259983866288,1.40802070476074,0.313965566834861,0.329663848331709,0.310947729274728,0.301857851687396,0.809428144262127,0.88114043086028,1.60152697049892,1.13005911649962,0.418049255707691,0.789146510265241,0.223720206983034,0.373946632988847,0.189910108627289,1.23116155473197,2.5858620523596,1.06825260792624,0.24226609084567,0.299559265588259,0.684920420620122,0.145216378637771,0.460416293745535,2.45846453106366,0.476181494953027,0.459686502560533,0.839010087098262,0.631704611264758,0.371703574151087,0.543788068259409,0.333284958162759,0.34947742742277,0.480358556582975,0.326303882248089,0.182426498817574,0.96794862237592,0.141098063865432,1.34617756637532,0.303087451376224,0.289316014532606,1.41600955582727,0.147131204077531,0.1683889362312,0.188468172511709,0.115289657377445,0.165494866424159,0.189807572160852,0.126451592058338,0.123147897512303,0.2463633736165,0.144933979437527,0.54859881336702,0.253587505339577,1.99312375462573,2.32213270180119,0.165231659444681,1.31314392527901,0.832757211206633,0.198388014717836,0.116673862728406,0.490096576540419,1.07764204623898,"Ts65Dn","Memantine","S/C"
0.280533127355663,0.407537323209867,0.316050949485288,2.37009223843044,3.7889784276181,0.297338646147348,0.20439897534909,5.20314015028033,0.208312072700173,1.23100969920716,0.397634951347048,0.418746758004342,0.308713003830114,0.312425537284019,0.878214453474206,1.19783587874695,1.74901019939948,1.20673244352656,0.497910655243103,0.679186939010829,0.251811943169264,0.380074644600089,0.200608283292243,1.0766414460929,2.02838310142792,0.975910437854333,0.236623832114173,0.27527695030999,0.676712711692303,0.171493924853956,0.376959823983535,2.15409918778448,0.496007005897978,0.522955856663241,0.917915592988944,0.61749615935291,0.355505245711801,0.605175967779239,0.338739841493353,0.308971339929819,0.400633087692772,0.457378650013741,0.172875589043141,1.06348833264739,0.14132142441162,1.84409055055366,0.305632470559094,0.341021501976823,0.858863132917293,0.181967406648988,0.170163678396929,0.169104337253253,0.122848243554783,0.164382036463573,0.197885536481667,0.183121917002263,0.132617530561555,0.301501418633175,0.157002451811883,0.61576086442695,0.29490049282543,1.92386406328812,2.65466354638264,0.197124460228648,1.44248624307065,0.843063524908522,0.239041681019448,0.133409285840852,0.49026296784724,0.960715617631086,"Control","Memantine","S/C"
0.179512658890782,0.340665315386852,0.234985119702196,1.96057881361656,3.57108556413014,0.197275124965733,0.173704927708549,2.99492805058699,0.153394343072495,0.928808337811449,0.261355824140709,0.267264280228092,0.23915913393377,0.226173002060269,0.75358223411943,0.893302487231568,1.4088144094525,1.0029009559232,0.411470140279575,0.626019067851967,0.146897162270328,0.26228649749521,0.106657789462163,1.02306999609265,1.87097938232493,0.845662245111225,0.184429205825342,0.209310386271799,0.495343552444922,0.115162662402344,0.276673179030743,1.84545969157111,0.400413702884704,0.400935408864702,0.769844234552999,0.471140044453592,0.314694754239609,0.484715707561627,0.275509944374117,0.268141119284566,0.346270237544615,0.287267149860576,0.173965693325556,1.12664372033793,0.13836573788327,1.31564733417508,0.242687248610117,0.326857766743254,1.00144736365848,0.123630803981144,0.144504893894047,0.184195959854472,0.126726092762499,0.158763244804199,0.181444539967828,0.140402838710015,0.104973297082349,0.266454629083286,0.128704144328513,0.627257605790281,0.251766594638054,1.95959480149505,2.23588828999456,0.179969467334428,1.33470468468029,0.819559738214387,0.227867572689803,0.13570139523668,0.413975256031662,0.931540362338749,"Control","Memantine","S/C"
0.718527766334891,0.88650252743788,0.331999694629875,2.40211695631103,3.88809593073935,0.221893201554343,0.170025723259859,2.77424081549333,0.207623347276017,1.78315691999352,0.884466748950536,0.287708983555485,0.302833945639054,0.248637304708312,0.745870642006624,0.421767187880615,1.41103756863314,1.57382997528722,0.443246911926202,0.572172094750234,0.63389386080474,0.324809393051084,0.189902145415885,1.08463988590086,2.42986188104442,1.43180798321785,0.248297541042325,0.249215147935528,0.764640329284947,0.192250765090284,0.462477961294404,2.22882285945056,0.381502468380056,0.291679391139729,0.627001385282156,0.454733300695963,0.340549731903796,0.469355392897919,0.298774347891758,0.260215185188938,0.359794314250484,0.375773022447458,0.150030926711152,0.834687525149943,0.150828602886139,1.63514677913924,0.263628563400682,0.371509445003489,0.868946326856738,0.152609909044674,0.147267997886539,0.173136620540719,0.0770719448589851,0.150943610739566,0.194056420424617,0.185592391333998,0.0969486634299419,0.206656295247951,0.115050553655883,0.425649429152097,0.27429385176628,1.28280874745684,2.48241253586073,0.123116168321132,0.948615726529302,0.877808310011958,0.213065431824612,0.113525613278891,0.361321927338807,1.74537760714215,"Ts65Dn","Memantine","C/S"
0.487777974150224,0.651708100785276,0.313411529694176,2.43955800891679,4.3503981034091,0.206100976270572,0.17275139361723,2.8062798298861,0.179433662335435,1.34838047568068,0.738736998747158,0.29836963739246,0.344665693721882,0.259126743408626,0.894040660086379,0.809002849303318,1.57550408065413,1.98193156417778,0.461113129838923,0.650757067414249,0.415872546570349,0.296384314499941,0.145573273817139,1.19629250022795,2.43674419996138,1.29268815123834,0.221048615492322,0.264524717173859,0.685033011356011,0.158209743355256,0.404141432330734,2.0379012273758,0.465826698167278,0.423894440774113,0.726726600885373,0.513864067884828,0.373919078661693,0.551762595073255,0.343533953649853,0.288730483415114,0.411242697249078,0.361041847752907,0.214492994705455,0.80335001435744,0.141343303130995,1.93782865418929,0.291727725071359,0.435533761673413,1.4909668423163,0.101836992681306,0.151705153608691,0.158326324516396,0.110321950084096,0.169053306161642,0.171625811949113,0.170149896484822,0.126776815471919,0.232865074543447,0.127700377566234,0.481882511165161,0.289742283680911,1.43401478872933,2.1445376235371,0.147053157880734,1.08738986664589,0.896185826491644,0.237126738230661,0.111053700769172,0.384917047819315,1.3756254620902,"Control","Memantine","C/S"
0.509768279530942,0.664502757282905,0.321152239210866,2.32351841030019,3.62343291835605,0.217648050142423,0.211278770326879,2.77848569440168,0.182350981719567,1.34970945616223,0.598005133157063,0.231340790675529,0.328262297513172,0.248722105275563,0.772823679102709,0.414642492967514,1.35427324971771,1.60571137810482,0.440952263785737,0.554149191530902,0.447533384318683,0.284602163347915,0.175465146122017,1.04136723864522,2.2475173232011,1.32387048417586,0.23886044991838,0.246685037324082,0.703150380628929,0.159453515614765,0.411442365947685,1.98805278056763,0.366540075995492,0.299880888278915,0.616208596990936,0.516419546018366,0.288816429513853,0.496044466032645,0.275674986612869,0.262511221882347,0.355068940808712,0.356902391427096,0.185071979111898,0.802120895814387,0.158987411963152,1.86818498019657,0.304607558039817,0.479250602871312,0.849565182913069,0.204041915065302,0.153096032004139,0.186758266115682,0.119271317801181,0.156558657086312,0.203926869233918,0.177156529636109,0.131658522164503,0.20408870913385,0.123655601217703,0.496515103250169,0.281536849613329,1.33438728103343,2.4153893144138,0.141101299307162,1.06105805762984,0.907701737676151,0.231275925870691,0.0823007763560964,0.409555304820968,1.65410636421509,"Ts65Dn","Memantine","C/S"
0.432319361621841,0.552777670121399,0.279744776391313,1.71416531346567,2.7558809939002,0.231381234339583,0.15880633094034,2.80607877376628,0.17814515903505,1.2526703542329,0.607733485239021,0.26624201015464,0.227014649398183,0.233681070450601,0.592465375343777,0.547922488357056,1.20990012848316,0.806905372468595,0.356556294784087,0.483246561399992,0.366401914641645,0.300094716417641,0.185112720579916,0.764608415877007,2.01371663722169,0.78908398107765,0.214296755387121,0.234736824531598,0.563072155662564,0.132618721482857,0.386083450414703,1.55579901866517,0.348877203635141,0.32648870054645,0.610729110027549,0.515172310569503,0.241458091172995,0.421635098324917,0.3195162714648,0.240428366938755,0.320635691288363,0.17066331149299,0.168768172544323,1.10284066133632,0.158957620706366,1.0074507599401,0.320402277241714,0.419375833609344,0.692029616278381,0.173384063602439,0.173870783379532,0.160985937496484,0.134220733047828,0.163595615596833,0.156167782591759,0.176230564124121,0.129095697036837,0.274715671722077,0.144650932063519,0.634387528321398,0.298730742968588,1.8309528854954,2.33036136817105,0.178182317469892,1.15004152780966,0.779257211755266,0.240841537454879,0.120660016458543,0.431165665522854,1.50917858112333,"Ts65Dn","Memantine","C/S"
0.283474151667816,0.48508029032295,0.331999796577395,2.31395435434172,3.64796409246496,0.236741012553185,0.213295849163987,2.85308002307126,0.21306110442241,1.40032584515605,0.307865398645703,0.329369409478653,0.323686191976651,0.300559042750564,0.859252605041626,0.757191615252386,1.54754189903349,1.14388442732828,0.403003022216436,0.682165035612874,0.264710426481787,0.388439443936249,0.177392358824255,1.08079638862013,1.8458752833197,0.954701641345821,0.237970041204902,0.256490772423894,0.622099471024059,0.197391954161042,0.446467936185201,2.07187965448225,0.534142686625416,0.66159589517585,0.883856272318386,0.78625784056207,0.4910349724219,0.699048530273571,0.409067310821338,0.455743463343555,0.571512789288512,0.583152118424956,0.160187913410409,0.7682846568363,0.134929300289364,1.35819371074396,0.2491565222062,0.218136280659615,1.10394048388062,0.810563517920144,0.219735396618183,0.207669829734611,0.124114266072007,0.161169188952867,0.19399752711207,0.360188057477386,0.14623094264477,0.211049448070202,0.134483379880779,0.471889913429277,0.252669903606881,1.44320902577131,1.89080550580246,0.174759686217675,1.22886191484612,0.680705502975202,0.231807758703778,0.129727148883779,0.376608449736637,0.718542686117359,"Ts65Dn","Memantine","S/C"
0.25404365144965,0.405339890663599,0.279105668313574,1.97807294760966,3.15803803545811,0.262312973692214,0.201508717464187,3.02030537614723,0.225206603797564,1.19192321982951,0.36686710619894,0.358757131691677,0.286178450796438,0.329234633949312,0.705745464606618,0.858991033298805,1.35414580274666,1.08856232179677,0.456883645450224,0.58831892443365,0.297324470951801,0.36351554220969,0.206434565717407,0.920113057158456,1.8876432962983,0.953237901495958,0.239496262619718,0.272519611305138,0.556508019005093,0.195557113651596,0.32180815317216,1.77595933825834,0.430518874220199,0.428678709485076,0.758586603203321,0.582683801114994,0.355283799009182,0.590151632389724,0.306330381813792,0.313966658953185,0.378185219843119,0.425179988868641,0.123761268294094,0.873306747196751,0.14279014939322,1.8874277532936,0.253863785168885,0.347442272586018,1.03850859986309,0.325842463609082,0.200632841900957,0.191688972472726,0.127125844128544,0.155380815650872,0.169085094710362,0.242242235917386,0.115700243663869,0.195831152322348,0.108920873721979,0.5847840547746,0.285605617875473,1.41806146402134,2.24565748429478,0.175573418987931,1.46843599162309,0.777788519176337,0.207988514369748,0.132471424800962,0.421557889964852,1.04983827137337,"Control","Memantine","S/C"
0.243585879108183,0.366564668162323,0.312878069659763,2.00651677870471,3.27182153373765,0.263442464353393,0.221748025141325,3.17022819466725,0.231134433335957,1.27919005830748,0.342732953223262,0.345296503708609,0.300688132831699,0.315848458776803,0.747221206941425,1.02854614186561,1.42151491340452,1.12233871054005,0.456244419706163,0.566552770282586,0.277777084815843,0.385977888970344,0.219003569676271,0.942132197114198,1.53778300936148,0.865392275688211,0.208599434928676,0.258602256651293,0.607024531575105,0.18173877926747,0.347450780235778,1.75178367591223,0.43098475778667,0.463193138642669,0.83602904752078,0.59774974348212,0.341745553810365,0.563379618346393,0.326500341484565,0.329070392838828,0.376182361900426,0.429709106294168,0.156132465945499,0.979953502219784,0.170213857129365,1.9356745330928,0.247002433962733,0.316742570569594,1.24338947521602,0.207241958740152,0.189148946909956,0.170699578636211,0.123604441350775,0.155638008343925,0.1800667092458,0.201739922173506,0.132656691101002,0.200029427664734,0.112734254956895,0.628277918691219,0.306034698034087,1.92406365517179,2.51603839356973,0.184570963831546,1.60283201151147,0.83728811719983,0.238620617852363,0.117882291142473,0.496488065047066,1.09994858496098,"Control","Memantine","S/C"
0.257080409538119,0.457564301789148,0.280593690164394,1.7225274291101,2.48636844500556,0.201403233530955,0.15274430024938,2.650170220556,0.199255414638017,0.889133961586682,0.276766415498467,0.262134378094694,0.273181806922529,0.253026036074626,0.608916369269772,0.510649715745701,1.04917846670484,1.19043944476813,0.43993491149085,0.685157329894119,0.21381649480207,0.316075501750832,0.175863437125208,1.00549118734807,1.91115348194518,0.92697689788503,0.21288884421044,0.267990448549987,0.576825938666606,0.134936674944781,0.383825514071768,1.82539202021017,0.40608909767764,0.378574509010032,0.548002204454718,0.482599255451931,0.283705096820837,0.495225857920193,0.269496160281239,0.270506836428424,0.352247365426992,0.491609789009944,0.176242004129007,0.797718191969587,0.153564988762954,2.27182755086621,0.335230114170572,0.61554272102611,0.853973165019331,0.347429957131816,0.177724583908964,0.17385426231436,0.114235878466293,0.156545183384445,0.1978923797751,0.270723621471978,0.116197975032904,0.216934031655521,0.155386040652989,0.591210440010937,0.308722469943705,1.46901252331093,2.0983221765961,0.158746470926177,1.16925460518182,0.870293986692072,0.288817368499749,0.116216387261137,0.40301111656763,1.21626153004561,"Ts65Dn","Saline","S/C"
0.290731647138482,0.44682024794606,0.297161790065085,2.36414893075946,3.68287010516721,0.22368442144382,0.186477382494036,3.578637807774,0.171753031945943,1.34479500174353,0.325278376026424,0.316476162604091,0.326168320471232,0.276457199010987,0.848039967435481,0.807854748612854,1.61715716915549,1.29411686946838,0.3990787416002,0.835806156064821,0.264444788716664,0.381608160117569,0.182571443481867,1.11077653841785,2.07870843701742,0.974041734430096,0.228964601080211,0.260013404444291,0.613772638786282,0.160529460386122,0.384730140872319,2.00180448474492,0.566605470412958,0.593897811424756,0.934199772145496,0.628779735305643,0.437232863353045,0.67706531587372,0.320686343494362,0.371818593198883,0.472944339116413,0.503927359964689,0.152351724768634,0.758538343585509,0.149990609537051,1.4036840770631,0.24218538382956,0.259565580021105,1.2627083507617,0.136696423529597,0.166634673961277,0.197821213678429,0.131576188490962,0.142317239317829,0.18909220308453,0.168878602004896,0.107611988114905,0.220111766436165,0.134078503548842,0.575718360828876,0.302262425195475,1.50470864141976,2.1042115074654,0.194640115582119,1.28509304023879,0.777211815850529,0.25265599018578,0.132097023740596,0.38729132837319,0.96380766044762,"Control","Saline","S/C"
0.287229811915428,0.514889778872854,0.349936735263469,2.80680488091775,4.91293961907198,0.279613982725812,0.207308926178434,3.76386276739214,0.240990384132979,1.31227902896614,0.36229436063229,0.366211084105345,0.333789738996887,0.309339411787032,0.986287324820662,0.935385922214299,1.93219602532963,1.30480399326072,0.442249462538968,0.875879250480988,0.290860970539711,0.421742485195221,0.19693931971653,1.35090108893876,2.84968581610504,1.1610412243878,0.27479006716362,0.301990923735803,0.82608321420038,0.213066525702966,0.390987448110977,2.63233665492038,0.494850661439458,0.445988931183136,0.864574191067785,0.559651967559359,0.405682827238177,0.646761616980826,0.295095968889582,0.347530132608973,0.429933768710167,0.356636599446667,0.211952929987494,0.938478188613156,0.157243400326063,1.45152664537782,0.296354176757077,0.315256217637571,1.48564288106141,0.0884081311242859,0.144996687551484,0.184236596474409,0.144580337906737,0.162596922772397,0.215652811942025,0.155019209741656,0.116313976989855,0.229573888112521,0.124461087827113,0.574827401477392,0.302976559298625,1.72075043085169,2.56519714139245,0.183247820656325,1.35066210133374,0.818720515176931,0.221747961206946,0.131952575414592,0.532180999989922,1.30916058299809,"Control","Saline","S/C"
0.351962811699065,0.511167534387895,0.306361773527385,2.37433346211153,3.72819323365635,0.231744270600343,0.191289217329007,2.8598532700231,0.227147177681836,1.36311682835223,0.420130560143966,0.320293392457259,0.280923341996273,0.310888701685889,0.873774310460621,0.746974038568919,1.63139545624933,1.19644165152965,0.411115306355685,0.781583931519136,0.350423643068026,0.415215389775268,0.18645587631856,1.18055110268727,2.32951121916542,1.10036097964812,0.270202720492207,0.291783964003921,0.713458542982158,0.200638998358504,0.347032924421889,2.19346524549706,0.45423379109862,0.432478562142969,0.785968661840474,0.585967687445058,0.347046366314167,0.584701088025172,0.302426615051937,0.301904817400844,0.365211807714933,0.310536064915801,0.18334058421032,1.00359920625753,0.159281863815136,1.33007584826996,0.293935639514044,0.299300732828353,1.35617593054387,0.0766255656618866,0.153475966612366,0.171562395840165,0.144969676642995,0.169661737620372,0.185369269790736,0.198810153376412,0.125710132447874,0.205233120186208,0.107853231076373,0.60048160030855,0.291465703138384,1.51428937612887,2.43500437820003,0.176807395371962,1.32676573441341,0.906643303896363,0.273885885848726,0.149456943698004,0.463068613332454,1.19773981422681,"Control","Saline","S/C"
0.285819031395702,0.52563409539213,0.246733192001396,1.86222943884284,2.75851770081306,0.187893717940551,0.149639181284239,2.56824897837342,0.179531942935109,0.897893322243193,0.316950627803928,0.229883433653052,0.232244262987241,0.232926978689535,0.671693268739746,0.535288730687623,1.12772728331072,1.08726380608071,0.422260084290486,0.579380859705812,0.231332952955319,0.281530066382916,0.152643037594026,1.00261088604977,1.89237267902699,0.952283173398649,0.188860674020731,0.235987170648093,0.510612177431369,0.135359725486187,0.34940286729322,1.74447848593387,0.397179960790434,0.395354536844486,0.605987529474763,0.480505707986234,0.31707323637271,0.485084298058375,0.301033662731618,0.269968566626465,0.38155550232003,0.522779945416835,0.181563985045445,0.920508257481851,0.138890264933435,2.26008431001979,0.285239567403078,0.60216261115309,0.867147722755854,0.271505792272029,0.177268532504602,0.194740027302344,0.114567432775412,0.160148063370441,0.219417190626358,0.30575834356894,0.108796153645933,0.217612360435221,0.152666109714413,0.553187191984364,0.331511266306797,1.62535942730615,2.12086476748291,0.178538424596747,1.14471250174568,0.921783664442342,0.249215353876154,0.105883706843317,0.391090764243047,1.17489983097985,"Ts65Dn","Saline","S/C"
0.437305106876284,0.681993733315252,0.334352619706975,2.33820542220809,3.70179735001031,0.252331544543586,0.205834057110594,3.5964602243039,0.237565751524335,1.2981890086986,0.503349319839853,0.342139189755088,0.33704453134571,0.308740740547696,0.831097778590064,0.759442091168164,1.44497147385278,1.53197668965293,0.551908971360426,0.707260002549984,0.362762382570205,0.375089031287023,0.20260648265508,1.31707073437439,2.66910491805769,1.23382034776373,0.257104361504654,0.303116046388915,0.739538059880212,0.163674412396732,0.461173206091039,2.39037544950554,0.453960934410073,0.419589854849343,0.756445554849224,0.614845899038227,0.40072532296493,0.574170855218825,0.377910883672054,0.358209301238492,0.464124517053004,0.503660829659781,0.219689906343533,1.09923854722349,0.159964017373072,2.50565545422617,0.325316488954798,0.627068106123183,1.16422630608115,0.279408990411315,0.156135785371893,0.193504942956911,0.131025541329943,0.155774627886599,0.209642833346703,0.294652805893372,0.101293303560799,0.211631694264829,0.150411400928607,0.504351466615726,0.311093496183051,1.65130603220307,2.20170638305759,0.153553520067949,1.1909828983814,0.971193110098203,0.208989686265806,0.11392823111709,0.449720683173162,1.49832011845945,"Ts65Dn","Saline","S/C"
0.689108290178802,0.794175364033843,0.288736303615492,1.87840795915193,3.1502264387469,0.197943951142719,0.186152114125476,2.68246497763621,0.163209909918064,1.60271349550394,1.00946988840779,0.247892261357569,0.223074459631858,0.210514820412871,0.6777911360597,0.59893813494454,1.34772677401062,1.00064027737494,0.349090059219165,0.561234036991189,0.5795837601757,0.304270076895658,0.135994677188835,0.854328971450906,2.17143669090698,1.04884867424709,0.187514579363402,0.219897367259054,0.519090868843232,0.136291048170346,0.425778047201482,1.59614541809285,0.417476436635255,0.39682178554443,0.689971029312892,0.617474351976171,0.311071077649527,0.514924814869582,0.366220352495713,0.273671793309679,0.381968521573957,0.20382865798078,0.151615570415389,1.04108678255684,0.143250219196777,0.673202408577416,0.239133639293059,0.443761505212664,0.789257603462204,0.0735324571291229,0.15719441117194,0.133138455618267,0.0802439160616872,0.141174048332931,0.18031641277678,0.195982459765878,0.118223349536627,0.22109128146814,0.118148914573943,0.572033002880409,0.254075994827323,1.45892534022986,1.92827220563663,0.158833943737859,0.994067027374827,0.818888918939824,0.228338743478,0.0953358133740278,0.344996305573217,1.40012874972271,"Ts65Dn","Memantine","C/S"
0.461883489172764,0.700002926370472,0.305745744702755,2.18826054725825,3.26936007590556,0.249021256658069,0.164955846224042,4.07961176995186,0.253355282705811,1.3088737513989,0.606822400178349,0.353965706482236,0.397189535005473,0.275918287833219,0.749501023154029,0.858812322232468,1.57928391881116,2.40834199565311,0.519265619711812,0.581552859951347,0.375380829465325,0.365206127166508,0.19463126919021,1.1774091869491,2.38992577813955,1.17072719929958,0.227799389945448,0.306686294349449,0.741019410271999,0.177657728805758,0.426129990274254,1.99241147404714,0.394765314986304,0.337906636436631,0.74142756466494,0.560267747981166,0.301830521782147,0.499250992204599,0.367756653408623,0.252305816458182,0.397285423519362,0.464133213680213,0.201401288599414,1.11342897551578,0.203238210417449,2.97504384866491,0.32335010549003,0.619783005874428,0.944704495765313,0.312435657730027,0.16131871055344,0.196411037031314,0.110453406819812,0.151660700090314,0.212193956907161,0.236643889142889,0.113957486164111,0.208495243215326,0.142023832277484,0.506952864213208,0.300055701049512,1.89673596593385,2.23993184923559,0.151112555577745,1.22255667553061,0.875548933747858,0.261608467702659,0.0989293595726157,0.48878078574116,1.7285982903511,"Ts65Dn","Saline","C/S"
0.485137686163657,0.682036202852032,0.366407909810803,2.35685174996909,4.57803908712472,0.291332697957485,0.20190671620291,4.19228893338751,0.221253145713394,1.75727082931312,0.761966747037178,0.368220616266134,0.402859908898964,0.321037370153945,0.812760244760537,0.98925600158526,1.65283801692044,2.58068462503927,0.532037214473364,0.72352307652553,0.477028641913411,0.399795153140841,0.206657594583346,1.38848607775634,2.75828576483899,1.34897554825845,0.283116047321835,0.302739314294278,0.799247362561372,0.18436896019787,0.434423328335346,2.31668337335691,0.545658711688318,0.468492629561067,0.837312438523727,0.686897625185475,0.446822348119316,0.625595004878108,0.446586226217701,0.37507961766921,0.491078728146863,0.509505730889353,0.156045371481945,0.798283525580468,0.1746668709795,2.18122515370158,0.308617295638025,0.342827309426652,1.88108254236932,0.28530073522517,0.161593599881025,0.192688533089435,0.126342411387393,0.138962332889581,0.17260976604318,0.181906171285411,0.139128393642938,0.168859409429948,0.104609121247695,0.414503992460063,0.309956751642083,1.45676465292394,1.91011685416146,0.128192481774863,1.09745152367901,0.731586780578234,0.228097638297258,0.123964829109312,0.391767767111243,1.33208363044286,"Control","Saline","C/S"
0.37610388176583,0.562801598192822,0.360680425654061,2.42049984698558,4.2257296738274,0.229852760827477,0.192203849468556,2.89150774308775,0.193171783283097,1.35084648480608,0.444989384766423,0.306067962234788,0.383811512068453,0.265132130819782,0.85200578441225,0.613419248621808,1.60908846823808,2.21269710375784,0.4982960476952,0.698585915851324,0.325668787935426,0.344678142250607,0.160028419665235,1.37906459456322,3.05806891360393,1.39785207538444,0.244734299625543,0.308172265939034,0.769296601955776,0.156317772294641,0.37169981062089,2.18041491151026,0.476072706334016,0.357732982001804,0.735396080329088,0.560575534341823,0.37512239144055,0.603888407496835,0.39767575041735,0.328722128622456,0.434953195654946,0.407161038452631,0.166068526323672,0.892953272908822,0.172500103111745,2.01239927553454,0.335893262528894,0.433849858251733,1.93030312815791,0.312663552811692,0.136409711718504,0.195687186369308,0.132629555785148,0.159628481444414,0.155484945081067,0.198213850108233,0.140611445335576,0.200027710613656,0.0936632543136421,0.471962176252724,0.31239786043688,1.59242406575207,2.12167308762428,0.140361389641766,1.13204683899687,0.882916163297285,0.212818837576149,0.111132710766594,0.532817033415024,1.74054057163859,"Control","Saline","C/S"
0.313351399441056,0.516570597224236,0.313571482597388,2.27907633920233,3.96789939037055,0.152286055017013,0.114767499921564,2.92704474602696,0.166391629941635,0.993112339226896,0.495296014379541,0.204390164037431,0.33969643899578,0.166813336805999,0.825438424090453,0.78636108032008,1.52463023762098,2.13351109308571,0.305697497921385,0.428270444074324,0.255988796657866,0.299273942043344,0.144978545039283,0.773643347386198,2.68838867192914,1.18603048066266,0.18083148024829,0.189411334169871,0.656580582045709,0.13509279486487,0.358495287021965,2.04142910080858,0.428102304893716,0.351691584130713,0.655043315010109,0.519730819582859,0.350395837452312,0.506319014641554,0.325068974230496,0.293968843755883,0.361295453002601,0.323648007601871,0.170631912280192,0.791513219556859,0.165478090834336,1.74658815639017,0.298059515031667,0.315551007040394,1.70749588845612,0.125679270772344,0.137757160448796,0.19165855517218,0.121603795109019,0.125550687884293,0.145385293389953,0.141735160164575,0.128122086096808,0.244258139938137,0.119325227321307,0.479315013813331,0.287966018431562,1.50651247168517,2.04718038696776,0.138130613540632,1.01394596847506,0.841569646072389,0.211943300779738,0.116404047538455,0.429601722799512,1.68748532695518,"Control","Saline","C/S"
0.27779198695675,0.474812243373725,0.306730564795907,2.61524485942425,4.13582949035662,0.232589820333037,0.165794735911496,2.96813774239602,0.220017280739734,1.17025704956944,0.323448185326092,0.335432111465732,0.297247211897969,0.288147670086582,0.926372667953837,0.859621500017096,1.77370661737239,1.14204407593264,0.386269136526866,0.761714773049613,0.262067118834998,0.376398496653049,0.175155942108231,1.20869358789624,2.37557742730114,1.06898945393816,0.255729163993762,0.268921715648591,0.73096544239549,0.163719922254937,0.385465222540421,2.47609261708554,0.503799252186661,0.475110807969661,0.816773089646784,0.602407361256005,0.354222616593271,0.598784022727069,0.301281268477395,0.311593103720734,0.39204796049414,0.344698335087906,0.193595742363519,0.997122106517714,0.146656166824017,1.1877984107943,0.30066674082305,0.293238886369986,1.27136748128386,0.111689003210057,0.183112443108711,0.182134472824962,0.135276925753815,0.159409476207746,0.211854684181799,0.173607383061179,0.106984107454104,0.285415640660355,0.153267979913776,0.617585899518307,0.319489247520678,1.71090793969785,2.57519053179808,0.194952802591988,1.28935358317569,0.835934558909712,0.264929401476151,0.123608005752221,0.505515282463112,1.19223598529822,"Control","Saline","S/C"
0.453633289126498,0.680286297724203,0.253905292149871,1.99337952977605,3.10207842039117,0.195958838449785,0.139464762081534,2.31120184461136,0.192297400976478,1.26205123311218,0.503074055744225,0.251692491038758,0.298055012689473,0.225570487183703,0.704331290197869,0.485263950628137,1.30738470243306,1.79383801572485,0.432291887460252,0.589191947300958,0.334169107042213,0.315880009624958,0.138736901410775,1.23422896704702,2.04548754199371,1.14621223310478,0.20798238155052,0.211376031041061,0.615476337774189,0.13779237998987,0.43558930114408,1.83949980094589,0.277288876467132,0.295227285348057,0.255290751242042,0.253574429574342,0.30926631703951,0.249523136450105,0.322196466032302,0.249067183937948,0.396031849103487,0.41213059890563,0.183661142125865,0.936061920986243,0.161682907878217,2.52341469998633,0.31633238511567,0.618361102241552,0.914610813772182,0.438233476734986,0.185160384445005,0.189117506536546,0.108596045274805,0.1380022785718,0.17480054207877,0.246694228434202,0.1132831625181,0.225658533232673,0.137098264606643,0.48212277761243,0.313734880859595,1.31960125933206,1.94223372073861,0.145544792180076,1.12226483947063,0.819655259650176,0.219259260470168,0.119112931113423,0.361098588727831,1.35036926831251,"Ts65Dn","Saline","C/S"
2.04840785955695,2.11323017315376,0.385350580307682,2.77301331086224,5.19951131698428,0.21055579468837,0.171660989820644,2.7494848921916,0.23372165624836,4.03486707752929,2.59534537443808,0.285956569309159,0.352987173362444,0.27346673239728,0.93974223406691,0.613268697961947,1.78507399880364,2.08130163618106,0.472362098347257,0.792172433244002,1.82394146469189,0.399877671103434,0.212769089645603,1.53500947825893,3.36769740227333,2.24091946122614,0.272230579104705,0.314728530508652,0.827438166254774,0.199567290351294,0.405325687666405,2.75458446611043,0.443086276003825,0.315249365221547,0.681777699035305,0.542656689523894,0.411199832581322,0.554332406023781,0.367365766378092,0.328115035214917,0.426039373698726,0.305062531609943,0.194295230741889,0.99441949529741,0.199835073381947,1.50350319040539,0.330788378404747,0.36298231167742,1.08423903166939,0.128104022758548,0.201590261559245,0.201954786841288,0.0985736447799545,0.132081257886065,0.148810175550427,0.278645758158443,0.130800210807423,0.225850744109973,0.132164303475649,0.394559232492976,0.277160266502704,1.17926509873812,2.06971800759145,0.123663623015361,0.936602198676149,1.0387287562625,0.189600996152641,0.0827448205582975,0.455490207080251,1.87436856109966,"Control","Saline","C/S"
0.281772634161817,0.442954607647083,0.297144186692538,2.30151393227045,3.27091211978855,0.201397600802672,0.162662537389945,2.9055078280631,0.194680926175518,1.93568962901336,0.326480619282751,0.262325199818181,0.231353273597243,0.236116223250728,0.836648407627081,0.774687125577678,1.59399128694514,1.03001601656673,0.386942425863948,0.784000273310514,0.25720224214507,0.361827640132666,0.141083967218225,1.2758043711287,2.05095066179457,0.896007682665124,0.197292470914973,0.217069511864744,0.57733792759598,0.153754026568227,0.342513991001424,2.11859205354371,0.502632432897351,0.529787824277334,0.775824214888762,0.550818085682097,0.374893858401044,0.613675195244814,0.284734104868636,0.302156612638961,0.399600514795796,0.370580304278299,0.163654491596578,0.8755784836361,0.12403647214182,1.0312529640611,0.252462307993053,0.296209773938755,0.988173934788647,0.0963709664082506,0.146059696950077,0.162702539617181,0.114616117266346,0.153789557218749,0.174509089974179,0.1905195072816,0.110831842680959,0.234826175952794,0.109091441753507,0.57858943317577,0.270299014809017,1.31499440042167,2.2234240249866,0.168426837171455,1.13404932168946,0.756484263420055,0.271831087369161,0.128480519997518,0.392193107788575,0.903891347996883,"Control","Saline","S/C"
0.261838997212075,0.448332084917689,0.310955046439574,2.59376450228942,3.93699270860537,0.251936075499107,0.189701257198353,2.73677732645062,0.239977896363379,1.66454263147477,0.305003131290502,0.344543387260256,0.289774721783975,0.305848512207078,0.920035335382373,0.775893731782723,1.70783767573477,1.19733758120461,0.432056213538395,0.812212897659535,0.311949713563865,0.386102874714613,0.164812500351824,1.17235456483603,2.69921876587775,1.11544642043132,0.256758392528805,0.280159913977863,0.753068106185802,0.215113467884953,0.350532448517238,2.49648703534136,0.450399543228478,0.411616500361883,0.780990007122138,0.56653895844638,0.350200275933514,0.55130217598784,0.280283384146668,0.297099219992695,0.373798977421331,0.340981859796829,0.166118308850352,0.948048785163361,0.141553795054045,1.28070899163426,0.275790527498505,0.308606575250841,0.929364358109109,0.0646194804975939,0.133633150136219,0.162401168076974,0.119562209826297,0.145646292479332,0.177419415009144,0.14385396677014,0.100472845818634,0.201081955044942,0.122326540369199,0.503790026216565,0.255581364565885,1.50181862900045,2.45754367083729,0.135253169177021,1.27421068755282,0.79894581624165,0.18722477329741,0.120522485575146,0.486769825820915,1.28248689680517,"Control","Saline","S/C"
0.284379844255653,0.501029610845405,0.315402512559948,2.47292724340617,4.13740468059118,0.196712760810795,0.185878491282446,3.2014316300256,0.193535134179974,1.24152842518072,0.32673322931952,0.308026888915047,0.296749277493598,0.253975225271581,0.889999224258062,0.737276772572409,1.6834318619174,1.16853912304412,0.431596832179727,0.820985160495968,0.26044278720009,0.335010962223041,0.172275425376976,1.49719559219307,2.75108159493128,1.06958315554266,0.220343325293161,0.29754209844102,0.68156602865377,0.160937366924458,0.359436258869199,2.389884725572,0.408664869497102,0.401824761122594,0.74395338522213,0.49887368320904,0.351485658279431,0.545979163129263,0.257326356126563,0.275677620815993,0.362511224768985,0.243308719541738,0.182570803947868,1.0508094798746,0.142373037871803,1.19055870403635,0.302933580261875,0.348159594862913,0.965028659577933,0.111220352848737,0.177045609578358,0.206995026372709,0.132020198088468,0.173000298308571,0.19770822681855,0.176132415414247,0.113056684887169,0.200390306962517,0.112423988887628,0.624781767380484,0.278089590897317,1.56854129726707,2.33090651711233,0.169746709679125,1.27960159719109,0.829013941582242,0.245504852364692,0.140256664519076,0.526904376743036,1.34090935948076,"Control","Saline","S/C"
0.386423095382086,0.598223414831923,0.361586146219534,2.31173629346919,3.56043768834931,0.25613485848671,0.191068486520733,5.4050571970597,0.258022348156101,1.2679165452451,0.443051243558195,0.354533042203576,0.39122850412793,0.321553196201772,0.799885101649062,0.831547214320365,1.58331316692603,1.78170480101246,0.559820649122436,0.72683528641782,0.312334431597184,0.385361007596334,0.208961833115172,1.313079503435,2.82099676436692,1.15838516696105,0.243709522871027,0.315345916826525,0.71568278922766,0.163160819447296,0.465099256015432,2.52007133198551,0.445608180181203,0.438441195931529,0.804067419279957,0.581848611524773,0.369816471317761,0.572808687276963,0.382350322045121,0.337304191136415,0.44501566790146,0.422961681508949,0.178303208462348,1.06735314943192,0.173363587854687,2.52065555654402,0.318122073026865,0.342917695886175,1.1796103936345,0.244891075119143,0.184517591418931,0.180753583754392,0.110466717611997,0.16322229518766,0.175142216719423,0.231543299010728,0.116439526028165,0.202777135858988,0.126283193491007,0.513387484176162,0.296013896793901,1.89318207150413,2.2171512962148,0.166156309083714,1.43244213469353,0.958130826467339,0.218114833995125,0.1138500010002,0.54146566346391,1.37081866484342,"Ts65Dn","Saline","S/C"
0.515036282790964,0.687411467497872,0.335714605614205,2.57197833694851,5.18561018578206,0.197723909865219,0.173336679546953,2.23971525926741,0.191276156045953,1.85316633159458,0.780388943778926,0.286738199684459,0.28925270977139,0.219670949506196,0.958578963516225,0.679784904952464,1.80662698803032,1.53060014364991,0.377692327590315,0.781649048160425,0.453284265431975,0.38374266494869,0.171116537048861,1.50546082328725,3.18178187813612,1.32117940734812,0.236867801137219,0.285907343225413,0.650556011539961,0.171122228286941,0.401004174709565,2.38161936612467,0.474246431320425,0.370892293738468,0.804048118560594,0.679707261743102,0.47988679186961,0.641421081206411,0.495769466283378,0.390700006021091,0.507161374125296,0.209090785258642,0.21755140033833,0.965510499918268,0.143485781144975,0.681435585024604,0.265113318375184,0.374381415083727,1.22922173319422,0.0992744478847154,0.170490354404427,0.195173219605518,0.105135454227274,0.120883738733431,0.14341053940182,0.180987119322652,0.150117670296154,0.222225315867617,0.126031329151548,0.345438072265606,0.261990402064884,1.42271416989436,1.77650244365409,0.159420473106052,0.957560873283184,0.667839206737507,0.17276799252241,0.118590567713253,0.427459469502279,1.21940359673092,"Control","Saline","C/S"
0.789040362117683,0.984354552513791,0.301665594176076,2.08316319293799,3.45863629776597,0.193810820504122,0.153588807716697,2.06860035763796,0.19798558858886,1.99271169452031,1.1595792287155,0.27101282811808,0.255825965611126,0.215757727645383,0.724154854719564,0.572488511151454,1.47625569569682,1.37792682535936,0.363806207484717,0.620632019347874,0.732684905112254,0.358939107254882,0.167000980134474,1.15668556236992,2.69248831479035,1.3178024530976,0.216890713879007,0.250428006962289,0.676135527097047,0.151596679809482,0.409411859148621,1.91195821008252,0.354509231020442,0.267761673619224,0.633330967268874,0.505976973571433,0.310663047952245,0.440463743509773,0.354741600768031,0.248553417582138,0.354267965856732,0.152023535248761,0.225809230504725,1.04126631505255,0.172557412717405,0.969778278776277,0.288952494542978,0.628978250656805,0.865615275123862,0.0833221054290278,0.166749272135692,0.172091082882673,0.132952566703589,0.140093558686777,0.147744362384444,0.247810843827777,0.116786787851691,0.211180892288032,0.114971278534002,0.439244205946703,0.253948920145718,1.33459473415542,2.37771988792569,0.160206260468181,1.14135698055702,0.814461436716731,0.211375754183416,0.104196669431328,0.36851355099322,1.59740761985433,"Ts65Dn","Saline","C/S"
0.31497359756894,0.487424151792323,0.300379367720203,2.25976719510615,3.58139495090153,0.182196771887309,0.171064034784983,2.8334882068659,0.184614546368776,1.07680468250353,0.432758861253248,0.264701268623628,0.317918591541781,0.22983136471724,0.790205624086496,0.550653006064832,1.36045907113211,1.84376712099201,0.439668975017173,0.555475325498514,0.258693968625538,0.291590797260163,0.129939191300125,1.10698100037157,2.27027965168593,1.13945741706317,0.212386177628133,0.237573836935745,0.61450559444581,0.154803360089514,0.371672602014558,2.01272706013178,0.425023460137974,0.4047915463583,0.673254896896901,0.501064639555203,0.34841874498054,0.5148662529614,0.340416181491539,0.249873842935113,0.353577132352834,0.457587680984631,0.189591843752717,0.892467459302069,0.154268908569631,2.38918810084795,0.261027622837413,0.520620289758445,0.927538325795655,0.280131359003317,0.130794275013007,0.149004372206771,0.0963178059820591,0.137089883078926,0.180970017606518,0.185110971149285,0.113167641230875,0.223854051784859,0.121291749772056,0.527947462080776,0.331872919329426,1.43984163623564,2.12270220517226,0.138377476172547,1.06054535416705,0.862096715515105,0.241046638986595,0.0953126801119128,0.409382404006619,1.43280668630228,"Control","Memantine","C/S"
0.282366152694425,0.495903896323927,0.307515742076965,2.25091690785949,3.97823794653119,0.239036491358039,0.180381627533867,4.20821962681692,0.194583983433275,1.28718723499075,0.362955620163559,0.363985250201271,0.290692026732617,0.279235857954857,0.824361664710598,0.923528619878974,1.51817790318552,1.26466760695214,0.408004866120532,0.61039167134914,0.235475297852273,0.336413880773045,0.203146998685413,1.10968766754897,1.98280226612167,0.975458514396449,0.223672229149443,0.254552476900563,0.636286088491924,0.141136453272292,0.409785080039778,1.99044026172061,0.457030653328921,0.486961992959968,0.842105350861236,0.625517954467584,0.380049050551594,0.616764965973283,0.364359107223102,0.34289716694577,0.45945081345688,0.394786848969645,0.16833246634142,0.943955236881932,0.149725783482351,1.77561793775755,0.28068329980964,0.363588800382646,1.3648820429874,0.154761097159358,0.197899915457002,0.17482866291501,0.1121034298422,0.134288938747361,0.197922049488028,0.187149577611405,0.116326039055387,0.275646905827775,0.142325879859988,0.569989743994704,0.272588178038337,1.71869007879561,2.4446859045444,0.181950978676378,1.38227948330696,0.815018715354241,0.212264235310979,0.133229594417545,0.488093915295969,1.02743889481279,"Control","Memantine","S/C"
0.324340934131442,0.64352430001227,0.378169028817026,2.72672199361156,5.02124232248098,0.295498466485687,0.214162390240832,3.34641497047046,0.26185493099643,1.39088178740626,0.307991823473536,0.370987675587769,0.341288101322233,0.325616308625531,0.955886013795093,0.871840715824122,1.9283303028434,1.3446129810934,0.446030415543242,0.927795182264268,0.265712381782341,0.419745975960801,0.204478999592458,1.39857437702587,2.99370268283521,1.20397872431705,0.272331046283106,0.326212185790229,0.818221338554837,0.154104772063446,0.485890527436105,2.51168198825573,0.49838015544367,0.473117006087985,0.88501565870506,0.707999448580038,0.418176368070129,0.696280516792664,0.412126842477811,0.373530826688191,0.497378087287944,0.367840581720682,0.191914269719036,1.08639077616864,0.153764395550771,1.52350582134906,0.303873583490005,0.58753922677588,1.34637359598781,0.368828886187585,0.190694554356602,0.197293809969719,0.140953955060487,0.193527104741432,0.204665326641608,0.304012175094055,0.110944787045413,0.194188396642951,0.122061606646027,0.639185994792268,0.330714304213269,1.59652083283261,2.4277998440729,0.17222324573439,1.54619192905224,0.903180778797364,0.271308429338547,0.157937072580646,0.481628335686752,1.06879197534496,"Ts65Dn","Memantine","S/C"
0.267710309847809,0.536925605120901,0.388614816752137,2.61878245971771,4.83252396007871,0.338203390297269,0.234269803436928,2.82638645760243,0.257065174462679,1.55267726206911,0.334595586806259,0.403710285576453,0.364675019468055,0.362565990338247,0.923576363921809,0.900785880230757,1.83660851685522,1.41443916363347,0.499204356084921,0.935647409923724,0.339631445211079,0.505075819710265,0.237059407865325,1.2661006769311,2.51111026820223,1.24990760979902,0.311483938891698,0.345800570357292,0.870244974045115,0.22036586460414,0.407642884346559,2.54514098370536,0.557912658849353,0.529279193439585,0.975294993221576,0.734474930356924,0.482615389526996,0.72281254699563,0.398145229150559,0.411916549082139,0.492231946705814,0.461223774826004,0.204566704153559,0.991122740741874,0.16841630045197,1.73049707073344,0.304260395022671,0.372553804897697,1.4853685924844,0.19392038070389,0.164657645825639,0.195911913159165,0.145445916277799,0.162269143907424,0.175486804235596,0.193966367388423,0.114489957872263,0.193336526047645,0.107192754555687,0.527327745409785,0.274174421006282,1.46738561735952,2.36426907783595,0.174981442687478,1.49976818868051,0.78912194127721,0.199037570350406,0.139105121661456,0.46192021192408,1.00328764782849,"Ts65Dn","Memantine","S/C"
0.275393043190707,0.389894463846435,0.298347481074324,2.18009019335142,3.94976000132462,0.207121693232123,0.180804485375147,3.06112104126602,0.176673634751371,1.36943778174962,0.344811569785693,0.299863496128381,0.2937259689148,0.232396905346006,0.781018009074928,0.868641587564991,1.51126598090829,1.26390297640302,0.346295169467633,0.603591720967491,0.238683612288548,0.355011442113295,0.172947100876236,1.01681899097214,1.70568269427875,0.931380671949127,0.22902296511248,0.222678245696367,0.523792713546854,0.129985609450652,0.314834531342968,1.83384141417337,0.481284613049141,0.539352989125081,0.85162949188863,0.70004053364769,0.44222160577543,0.633986346358957,0.382504270363141,0.424740763758034,0.470620760275775,0.525575537152566,0.156032863584745,0.905854535590772,0.161167819875334,1.55405404053083,0.236874631497276,0.209311158168151,1.19559811724256,0.201592048556704,0.233979131495041,0.210520246209609,0.119794661856098,0.114139270365213,0.180959775246793,0.184616389798852,0.100912617759773,0.240723476711581,0.131178281511147,0.471291126406701,0.276517694281132,1.40886731760617,2.0862793855205,0.179148699420551,1.38241930812757,0.749525253995125,0.223241997919105,0.123529096290605,0.423290696699038,0.748176434712016,"Control","Memantine","S/C"
0.738354465160812,0.880700073976335,0.299853900029324,2.1388470672497,3.30642438081132,0.168979908577554,0.150255672594987,2.73957599649392,0.156186048646904,1.69766675550353,0.905716123385817,0.201751841104545,0.252456312067236,0.209993870306878,0.718518314785019,0.37241035785663,1.27983359767336,1.2824404378674,0.443524708371475,0.51797441129606,0.639472380274349,0.255516726451237,0.165605456547936,0.889645424497951,1.82236749628841,1.28824122849318,0.190960201179862,0.214633349365867,0.560452902070855,0.149268333649557,0.37266518881264,1.90667256783401,0.357232276577595,0.378892732197099,0.591409028965851,0.45027889391524,0.314192164022695,0.457311825372763,0.310171869329755,0.267574572020552,0.374478992534305,0.373341565948033,0.161595977631346,0.877303112907123,0.181137849506944,1.50322939869944,0.241161171862749,0.506870854416954,0.907297856685601,0.212263911917549,0.167124707816215,0.177038853325255,0.121062845438905,0.15558162539739,0.163074025922825,0.21785810320824,0.115914237660825,0.263786057418921,0.127651248447985,0.475624919092291,0.286819129535746,1.42570471835089,2.17764994673225,0.131237616034262,0.94823801077831,0.957498112096868,0.219989604704947,0.104566136890581,0.315523471073294,1.47188044118812,"Ts65Dn","Memantine","C/S"
0.77366420042706,1.00085512605022,0.36036114955513,2.58077034294936,4.65775527309508,0.241993591784776,0.172588090725053,2.83112695689916,0.221808761916874,1.82809155146114,0.948657901933979,0.300839494438241,0.358343072206149,0.283968636846021,0.862443315402352,0.523367052473111,1.65948402927922,1.91519993857739,0.497668012168594,0.700774468982928,0.62828334555228,0.360153933244732,0.190862730709868,1.28454191891328,2.92036778034195,1.57682753877928,0.271032760535661,0.302966506792882,0.804601005084429,0.179603449791559,0.469419711525582,2.48635092737881,0.419582592397554,0.334063757267824,0.752780427940731,0.602308071911136,0.39106247572284,0.539166494213176,0.367490629048203,0.312030914616269,0.419952611889095,0.294198375535291,0.183921390791984,0.987266779563078,0.198113976211194,1.64798028915821,0.320112794342569,0.447939134482737,1.05325729333569,0.0967897119555037,0.144518165732759,0.1607240025687,0.092441100891465,0.152791007280502,0.186989883324491,0.183648721620501,0.111521311724588,0.200280117412929,0.0984774578166653,0.445580337989612,0.255790786488961,1.59117024872509,2.10784350094489,0.126062247646035,1.07180235770685,0.933544369901381,0.183803249946402,0.103425459972578,0.441381092658297,1.88632615026972,"Ts65Dn","Memantine","C/S"
0.380737742360172,0.547723438789635,0.324114372202967,2.39377168737291,4.18397561812466,0.249540723824304,0.189348990553583,2.7660001226524,0.202513100776455,1.31461748323391,0.575234584048644,0.335183856309328,0.3070017781513,0.250085727764505,0.881736118872931,0.627366930795923,1.58250590151823,1.10235912416447,0.377330872210407,0.666627723129014,0.337525658682985,0.384615618701885,0.181992899667775,1.06640693849485,2.86292982442685,1.12892476188522,0.233027638106,0.264734997709476,0.721545451300061,0.151299250331734,0.388295092221119,2.1125648603456,0.465235911091475,0.414900046010398,0.78476863338301,0.57588043639683,0.335011865841456,0.57064796879936,0.391330369214345,0.295336864442831,0.392100801681676,0.194314579177447,0.186543026821328,1.00904035493295,0.173087628555678,0.979419240238657,0.308725042291263,0.485055161196399,1.07324374412224,0.120901916472552,0.141890852079057,0.158454027401728,0.114607972097098,0.168972953027327,0.213338443110533,0.178306569244546,0.132373630829051,0.295341862640472,0.146140728310169,0.587304807039393,0.307568345320487,1.66091910038977,2.34248351604512,0.158724318135753,1.19891635386824,0.838557844330371,0.223553375265047,0.103014683834965,0.500939446281212,1.53371685587327,"Control","Memantine","C/S"
0.382263483028286,0.592222083819856,0.337186308375097,2.47175258535339,4.258432045621,0.234532179202157,0.204041207855026,5.11503804543506,0.238156348548127,1.37112715243521,0.424028206697884,0.346645868801581,0.371700717892644,0.287707496724373,0.874195392838909,0.795950422853198,1.65661799464908,1.52375573944082,0.454496710002983,0.671018756364925,0.313092626519016,0.361138675432901,0.182931317717426,1.27621978086244,2.47265986966254,1.1746344826797,0.248865855581074,0.293709510782733,0.736391253031457,0.168734136020194,0.461090887929759,2.4369672351415,0.490078741544285,0.442414090550749,0.801332980994715,0.5967227025467,0.380838427171586,0.593092740831069,0.392606790279482,0.337557280152813,0.492383013992506,0.564230067261287,0.157355571402682,0.820877812618817,0.157641049378698,2.12862661825321,0.298063604043738,0.428789002125262,1.22124789862882,0.212955047297003,0.171090664505521,0.19050236876575,0.103101943310708,0.151007372972466,0.162654541545381,0.183837751716379,0.133912558174602,0.240976533380211,0.162007879478291,0.473716315326941,0.302545760380488,1.71326376985748,2.19721822726017,0.148314582719201,1.27945222902042,0.859360221427382,0.19169379946048,0.110320136085126,0.468556172046309,1.12269705834551,"Ts65Dn","Saline","S/C"
0.210963716178263,0.341715121254304,0.242606588365683,1.80587835269512,2.85827418121081,0.179564832472173,0.161146832631995,3.01161544444616,0.185806292922506,0.905584725702337,0.241145595685015,0.246923804995143,0.233941896722007,0.208480060654744,0.737610275981092,0.64514065650629,1.30277636502119,0.763942645603029,0.418464708932124,0.670337482421569,0.192756827547935,0.297286211455829,0.186221647816791,1.07932427557461,1.68930093384169,0.688130340047241,0.182661184870711,0.212931595942867,0.485858984938738,0.127078804176498,0.272433919850409,1.76861764126647,0.423563370430722,0.436496114498994,0.650549976556553,0.465974929474163,0.295498051584048,0.534509876613857,0.256204922060971,0.261645388479463,0.352758553186321,0.31511904724544,0.192704096100891,0.873721928458038,0.151658644800479,1.27391808826227,0.238485515994953,0.509042184184232,0.891527676157541,1.04663833976528,0.196769146968501,0.165996026009343,0.128584440815311,0.183158105256574,0.177934934643422,0.478543941948421,0.120002071289953,0.234193028177164,0.130742347293981,0.674246055072873,0.276023133161333,1.52924409233179,2.34210138080008,0.188081647682086,1.1795482794192,0.713934485533132,0.241665859809779,0.135603051196632,0.41913631594355,1.0226096703418,"Control","Saline","S/C"
0.361295231138528,0.528188320583867,0.374947805554508,2.48946592642682,4.06794259713526,0.250955851155859,0.204213994508876,5.52790348855452,0.235731550659458,1.42255363298513,0.332752444241365,0.32379932076212,0.372215967591525,0.31270040436031,0.910664698478635,0.651690427151059,1.61700814181883,1.65134179911188,0.450069701275712,0.733123551634574,0.296140258440557,0.399583158753284,0.194687915462555,1.21453740506942,2.26978122185936,1.14093096796726,0.238731950624842,0.277658212571406,0.677570002423862,0.159967151409373,0.497696984112196,2.39786916796878,0.563818566431857,0.508902363545506,0.842035331441624,0.73943055291295,0.479810986438701,0.654677904320175,0.440563877997137,0.417127693388916,0.615028479655046,0.797816159183966,0.159383411762905,0.733567957059987,0.172258437873931,1.86222034247787,0.24040645034226,0.325539594509725,1.16941323866648,0.3895425209574,0.19268876716344,0.142287611772281,0.102144392656725,0.138705398183633,0.169735537861291,0.219851441140732,0.122075112296939,0.199205406705478,0.124944140908453,0.398123474053541,0.265260458191042,1.24613913594287,1.81912450516145,0.160127794954134,1.23234141766876,0.708178099374913,0.218599350862207,0.101055491628144,0.37703576970317,0.865238447482677,"Ts65Dn","Saline","S/C"
0.612352550527177,0.79124751918442,0.355039976667345,2.6162786942104,4.08963355862001,0.268358826644399,0.19173033114931,2.79914101533724,0.204446321606985,1.6275397969924,0.801106275423084,0.322163304981536,0.403583987594474,0.304280119732918,0.891865292414538,0.636735649317804,1.57728153275236,2.22391201005801,0.553493897797479,0.64274890818408,0.565631991579971,0.353565099228826,0.188026602564153,1.18852591165181,2.49487982950631,1.4338708879911,0.283237907658647,0.280498146746377,0.79805373836493,0.176801438684764,0.406718771309237,2.12815579349361,0.453187186904917,0.39390148736279,0.747557812378965,0.539322892526888,0.354454425574139,0.582859581507982,0.352641314014795,0.281971968139563,0.391521803836211,0.550827244737773,0.182771112170245,1.03033479117468,0.161801156743682,2.47141823291234,0.334806593393648,0.630328080587222,1.41822591256778,0.252946385348816,0.165527369430463,0.169632971770109,0.0923334609112956,0.135629094780063,0.199606126265744,0.224580743852886,0.104362532033137,0.231175693319069,0.123190790222332,0.533329755224586,0.335927157235226,1.79251209168122,2.31894499993392,0.149460886286562,1.25726898454381,1.01581576965116,0.257136384999774,0.111622787406402,0.48014249577949,1.59007564364687,"Control","Memantine","C/S"
0.623851397696394,0.835343047033867,0.382646737170556,2.51031807830329,4.33980482130004,0.276371859975738,0.21152934011433,3.25190792801133,0.23557485030759,1.63285103972915,0.909861212792329,0.342352689047529,0.351044618484779,0.307749322453548,0.801508852043239,0.646487971477421,1.48082534482729,1.97136268056373,0.498559942156014,0.656999062070971,0.62490487158357,0.383035075589539,0.181125090535802,1.26982372625974,2.76047751552596,1.49305331474293,0.268034243038078,0.274128283770628,0.800437729358359,0.165500306325884,0.413030748615115,2.36057107959117,0.469168726488119,0.383931633397471,0.731532646473101,0.516052042949424,0.366763038309615,0.574902189585624,0.377535364650941,0.286161724150924,0.36198067119995,0.410086953707721,0.198187084892188,0.898957006819487,0.172795939480229,1.88744959389185,0.326995899588084,0.491466163150775,1.56688983235152,0.184405877311965,0.150865835495327,0.157195355366121,0.105838537267763,0.169545673260224,0.172376724696627,0.193278264802532,0.114702647797556,0.210662172456294,0.11227853791688,0.472179439677822,0.30764344250163,1.46970382968766,2.15265695327894,0.126616415037692,1.20881137047039,0.941151986926865,0.244389729620262,0.130737804800102,0.46097281486576,1.51217124643502,"Control","Memantine","C/S"
0.603751018252083,0.807563223636606,0.349699004872855,2.4628098727849,4.37811181602903,0.251956975618379,0.198463014009226,5.28630251130508,0.208508898650585,1.64720181679511,0.700634742959767,0.31174155311005,0.389613855424351,0.290461822673459,0.82358953397471,0.665495697857038,1.55631912206437,2.05144937549672,0.538548678992009,0.63708929219353,0.507911706497882,0.373022340350737,0.195679490288192,1.29735865596014,2.42579738459021,1.35755644012563,0.266744395926176,0.291347186773967,0.754091116576593,0.210516095980279,0.46132871627172,2.30085419205985,0.3887464068036,0.318141148713692,0.648802403719329,0.579482467363502,0.357768750857331,0.557657098545101,0.380269661238958,0.309534459887432,0.429019502583602,0.523313947745663,0.185440788464765,0.782523696755331,0.190442596790375,2.03237409041603,0.295691923477146,0.58124005911857,1.17147144739637,0.320201362493101,0.181792090315375,0.175044008365238,0.116331683424388,0.140835256618043,0.170887850611906,0.199314959743484,0.152069002791894,0.186782375230401,0.130518344481972,0.455062633514617,0.278091666245985,1.2434088230741,2.02847718600062,0.135763633293675,1.15562794942756,0.836966826509374,0.200464501784167,0.104819665591212,0.460858379104775,1.56350651547789,"Ts65Dn","Memantine","C/S"
0.390849486933563,0.616481437509078,0.407374378050473,2.60539388083131,5.02718191501514,0.315091482274029,0.20429912453898,6.47867687735464,0.243096456620226,1.56011552264174,0.421583669107158,0.386633262143585,0.438495258746118,0.378028706736792,0.90624221981066,0.789537400057595,1.81577432057294,2.33673560708619,0.558869282479543,0.825212653923293,0.363181117725509,0.42356128089376,0.211813984725483,1.32067853326895,3.10459294722874,1.29060267609475,0.276777289171361,0.343927177846644,0.86584424568674,0.193164756555872,0.529726124306028,2.61909498815956,0.565126814703675,0.525987341541275,0.936591698340412,0.722820427822175,0.461230371295198,0.699916456699479,0.447979914148615,0.403664513644222,0.548587782454341,0.72382939170647,0.16502017914565,0.923523452257244,0.182604007379337,2.60628961746219,0.307176347815079,0.438520740480075,1.64892765139709,0.216450130635606,0.163210325884076,0.185544023456736,0.151603771155502,0.199033192181033,0.196708952178992,0.195366920509915,0.130474294061957,0.1794269478485,0.134893117914615,0.474258790245458,0.348587470779242,1.54315140558538,2.34880900006737,0.156883945714183,1.50641732201864,0.913822459389672,0.21928481995366,0.152055685326548,0.486785530296156,1.15596207438621,"Ts65Dn","Saline","S/C"
0.350927385430647,0.556312519359815,0.334959909535847,2.67663093731716,4.33347531858218,0.28438010138628,0.226345927114447,4.69437377569707,0.231841458771598,1.24039473858808,0.327905292016514,0.368375960717561,0.297734112721298,0.309362353528984,0.894976517315866,0.847263805942458,1.83424166129083,1.23636978924881,0.441977756347419,0.706873687692323,0.274106268688214,0.422495383669924,0.197814865780237,1.10177453872749,2.26872042303315,1.12913076356005,0.235777926131233,0.296235543948326,0.76219270906072,0.191341903033489,0.452521133956785,2.3289984905163,0.474935065983491,0.460458345308008,0.873072418600544,0.603736622832142,0.344039024072349,0.593318315559134,0.332903707095644,0.326254549884933,0.442844501846781,0.392156162402718,0.16002745321986,0.995345935188877,0.124770043461356,1.61675293591343,0.286534606763842,0.330276247493815,1.15114806823698,0.0700224489299397,0.169860178611688,0.171381325755128,0.130362393166851,0.180451156895148,0.183729816381428,0.157453525230989,0.106775523309563,0.22067067827653,0.107871263901858,0.591573682245914,0.296721809575154,1.50833809015464,2.7775373146586,0.189862233188626,1.48116214376764,0.867678810446534,0.284794612500113,0.136867736131987,0.421658518042478,1.13158152887202,"Ts65Dn","Memantine","S/C"
0.365577059172247,0.597499999219506,0.332058485241809,2.52464205964227,4.1538855909424,0.303875275978118,0.202165680503777,3.52523562288806,0.230297183619945,1.45504673821647,0.460899214475846,0.402728904586488,0.290687180762084,0.318482960091607,0.847806045096944,0.872089536035028,1.77964287940837,1.24756852919791,0.451409204470451,0.695864035878215,0.357664220201811,0.415262418108837,0.209826849330871,1.02221084947024,2.26969694904197,1.1558560365594,0.258089286608602,0.291058248901185,0.799396149634337,0.191091696045813,0.419049562949999,2.29580982911124,0.474913313998522,0.424853355683286,0.878792950438436,0.607251306158634,0.349253551658016,0.576153826649999,0.318528587508576,0.3071797430066,0.421871660684113,0.382215911759573,0.169157310638323,1.04372517316139,0.142792079856443,1.75500659559627,0.295964887693187,0.327648364314163,1.19465540127539,0.0628293281287119,0.122181472306197,0.169310253453748,0.133832719205255,0.177937964687721,0.227608779444437,0.188983584304919,0.113190984782618,0.183863419884217,0.113597332475281,0.580946440325472,0.277856817025285,1.74822756820328,2.60405695588357,0.15322198243244,1.52089777297074,0.833146377715232,0.227622361158311,0.139668512348502,0.425897487284127,1.13203856909287,"Ts65Dn","Memantine","S/C"
0.382929884314515,0.621560436453031,0.316995987520732,2.40246738101763,4.43223943207754,0.272932638504889,0.214016628660684,3.28970438134648,0.221272798881402,1.37367199542649,0.410801423386395,0.329016908665311,0.3541647738953,0.302678658472303,0.856859200414874,0.743706426312197,1.7072688406834,1.19058380829226,0.450266925354046,0.749619091450021,0.333167713790954,0.406481258691034,0.196344131138052,1.02401659577302,2.11359484235802,1.17745645394784,0.255654367973012,0.284094701454959,0.737425515912453,0.192376537140918,0.470292576572165,2.31191201830166,0.496098389942447,0.526546146224442,0.896420008460977,0.660358658870012,0.37686757764619,0.650872980493539,0.349235854657908,0.362330610103085,0.438397324516469,0.421486979939459,0.165282585630898,1.00632866904749,0.161667238664387,1.46901624873416,0.291658449975847,0.313087617950203,1.36760252197432,0.108847179964687,0.141303088104996,0.171812795565894,0.133682655823679,0.193808155244021,0.17875788530424,0.179736171022707,0.119404596243739,0.278808117581045,0.154386074384948,0.636635538992071,0.280652714099515,1.74367399455928,2.54498810347672,0.212704522256536,1.46860142061951,0.967604266837066,0.26110374644949,0.157453918609773,0.463765317736666,1.04715982891771,"Ts65Dn","Memantine","S/C"
0.402967164836901,0.633399357803953,0.302291092088776,2.13295211038541,4.08602180872156,0.243529085487138,0.182187612398274,3.08397093306986,0.173339143959114,1.3689480283367,0.433272910460208,0.327665652168203,0.284056658206711,0.270261322945459,0.786124489211542,0.774502944365572,1.5329540511611,1.17040847896264,0.386905346729418,0.713330787714554,0.338717111555072,0.337125680632527,0.143920947047391,1.10643131626532,2.33288295241631,1.07628257769784,0.233609202668978,0.249744085094736,0.582541416474477,0.145888992933892,0.392881864980482,1.92156998469258,0.498087720740732,0.480499318734448,0.912235966731926,0.624065804058248,0.372363076797089,0.580111130366731,0.326987018648103,0.32564650143097,0.473102393517524,0.372302720445058,0.147068234986848,1.09536836506087,0.131881559624322,1.45513760346726,0.248185310349489,0.326812386919878,1.25884571111711,0.111677618647362,0.137507875370008,0.175708340622144,0.129257836373258,0.161155200729286,0.207812611531295,0.227480759521417,0.105788023898656,0.203859506292346,0.107753868738668,0.588606339465666,0.277826535349416,1.78048122558585,2.03041177916445,0.18354748683603,1.31903593721055,0.870411825449879,0.257158160092963,0.145022559967601,0.407244734074857,0.951623437239134,"Ts65Dn","Memantine","S/C"
0.457821471512678,0.631270040594048,0.380546146537438,2.59305184320132,4.66549691053367,0.263314336358422,0.20266498300481,2.80327989843901,0.22038129690918,1.31698503811951,0.644519338881166,0.335407913172157,0.383068616314922,0.266749128740839,0.893178030571081,0.844847927027861,1.71119558428609,2.36137909134438,0.51733908420617,0.641260949713203,0.396522851940265,0.354278793540745,0.168825038078188,1.21459540116669,2.61800308436048,1.38369567774209,0.288038607468267,0.27696485861902,0.843348822405255,0.166586030595836,0.421794949187827,2.29850878958893,0.448718024246131,0.368727770679287,0.722065963706187,0.550704520770657,0.351796587082894,0.554629167126006,0.377833554421638,0.300469790565497,0.385130651287631,0.431863542289926,0.189945825198683,0.84702139585099,0.180841370134559,2.1513755437935,0.316367503210452,0.390675626081137,1.644458842335,0.136005752407092,0.157171058709405,0.184736818033443,0.112090332512696,0.145037221934284,0.174387568853527,0.159083688091003,0.118572844104803,0.228575213546492,0.1333921218547,0.482238811110538,0.313292108048651,1.44073530256384,2.34973237185163,0.123903804776068,1.20103980154697,0.9119535681598,0.241236538974439,0.120387761822418,0.476262046792069,1.90969314453939,"Ts65Dn","Memantine","C/S"
0.337628663177304,0.516017974826226,0.291887149920757,2.07081560194942,3.23213357360418,0.232417944791731,0.176340035207737,2.80059167586178,0.16771396512939,1.32513754653713,0.359093238123156,0.283433903055281,0.245937155375116,0.24542982390397,0.745828774391704,0.613112445497883,1.36247260621856,0.98285668681137,0.391863621413308,0.655230318146842,0.294406195247519,0.33560345977601,0.165790715265118,0.957374699126784,2.02115989771967,1.08851530875592,0.224296905531526,0.247209489509923,0.560514677220358,0.14664044364393,0.431708130795643,1.78216769765125,0.522370284361787,0.563470473012088,0.808136981390351,0.615782961675046,0.39406686742916,0.549520178102823,0.314020241755918,0.334109193546646,0.461456458519929,0.424965913711434,0.147171753972694,0.941868387460501,0.119147084182611,1.26583031679082,0.230016451872856,0.227403675641594,0.776962836164765,0.101618149608687,0.129864790910632,0.167092969809909,0.114698010535669,0.128025748263829,0.180896954597114,0.167834816545932,0.1012480927357,0.210147482088564,0.0916254551143218,0.5852082257509,0.250110541079472,1.2290750674822,1.94824247821336,0.170805956473445,1.16998499329823,0.813065838469543,0.270207787446434,0.124963513720556,0.366507559868003,0.957682411819275,"Control","Memantine","S/C"
0.675477534245524,0.901081587452301,0.356269916012086,2.40263198752939,3.64093010152312,0.251011213857591,0.193085539952213,3.9659613041361,0.233007780098723,1.56327955663531,0.86797427547761,0.31996049621522,0.395130626548752,0.261986757264227,0.81967588803607,0.64139125014057,1.47622229271609,2.62433987102608,0.590888635518641,0.572873566516495,0.602374066256105,0.346665339602043,0.186989582000383,1.14974631636904,1.97250964191099,1.31742834233688,0.257995855909991,0.27060592873813,0.724933948567545,0.170600901449919,0.511647968687358,2.01577811952665,0.448165886035276,0.401991418723004,0.698471296109933,0.604389320023959,0.332537508735757,0.556442249633193,0.3701402544417,0.300534972366166,0.43034773774731,0.857886776081432,0.193870199741913,0.965077073404321,0.160514849425062,3.02891381367947,0.319371747708401,0.666234788863078,1.24758394480691,0.316475363814739,0.160241083981266,0.15855308619391,0.10665645695779,0.153379979369391,0.185063219616858,0.242026181649066,0.127830570898174,0.23300709157111,0.140692228194187,0.487135854459018,0.300064511523604,1.56814119119648,2.15871761474652,0.113767166915317,1.20271726422101,0.95909327213262,0.226066603928806,0.110617404687241,0.429491318609075,1.51529683169773,"Ts65Dn","Memantine","C/S"
0.291741062385037,0.475118025194863,0.329051336852467,2.55574060502449,3.964008850949,0.274327749998662,0.211619313153566,3.40808356138633,0.239212386108255,1.51268952347424,0.340855586905441,0.346162902967743,0.304696733359897,0.314377181059064,0.851203255356142,0.846937481848533,1.70077241433295,1.22633903490431,0.460677620685749,0.748934541997372,0.312196462885671,0.397439231302539,0.186795927872977,1.14967725652573,2.518339770159,1.20325939396235,0.264472911680832,0.281422920369854,0.713568869076504,0.228292696293945,0.342365088385115,2.2919179530073,0.467178451158791,0.422072338894845,0.816002936783852,0.589550307483237,0.389614651599969,0.552661075515134,0.327407071872859,0.306980543091483,0.373345435866232,0.450740488567205,0.153594338086978,0.984383391638284,0.15279492750479,1.75981472165362,0.247395053126617,0.321963789721846,0.902867828659504,0.0802789941986668,0.137802655302421,0.178799416818305,0.126478959047728,0.156629803991272,0.18868403329503,0.168895926850454,0.0876950450626632,0.210612824352378,0.113279279520294,0.539010873308674,0.286519608089396,1.48783202863578,2.41401750395451,0.167419794667204,1.3794858232793,0.835118104798935,0.205795655350424,0.142022246407076,0.472869472568857,1.08327524905762,"Control","Memantine","S/C"
0.272522795981198,0.469665295735471,0.317886552251655,2.33148165831422,3.78828866570429,0.257865626162683,0.202968285865768,2.90044803365139,0.21295907248518,1.29924929234009,0.344159584950106,0.370197766543514,0.27944551911369,0.297205484228385,0.854010484069866,0.823661240757788,1.57246006220366,1.25111046108487,0.441605449483756,0.729694712323983,0.288386096328764,0.378440079753071,0.176960586296008,1.17184734678844,2.56475567877574,1.14473112730236,0.246717040650249,0.303623981955665,0.691937888176229,0.178746638203291,0.3258204593034,2.006982392741,0.461733548868285,0.422676444352515,0.798468432287921,0.578613065842324,0.354207504240374,0.57623659158886,0.335236932926723,0.297295304324804,0.375088141951086,0.319371584747495,0.207922432562941,1.08574418634367,0.142346105666603,1.60688758992625,0.311019805911084,0.328162498548468,0.955505138418089,0.130348634519917,0.132645421379652,0.194184807839336,0.110624168742605,0.179130227731424,0.191949647010258,0.192711216850442,0.12789408801172,0.218336173130798,0.143201810854851,0.604361184683312,0.274771780168221,1.61618553725949,2.42753658641524,0.145509786593548,1.40390055948391,0.936617031583114,0.208604468345285,0.130479846258387,0.507247446063201,1.20089675209126,"Control","Memantine","S/C"
0.331505537299566,0.590353191346483,0.327750080980798,2.4076555914907,3.62742330139277,0.199403944975836,0.164342377269954,2.38357340733442,0.214994164164556,1.08595226014571,0.608352597368425,0.298905701135553,0.36100213258364,0.241222522837295,0.845106859616977,0.864911953182289,1.66657576060586,2.11066625809394,0.429156437954919,0.673478236901033,0.243438519198235,0.329091876538461,0.160697626489411,1.49869452174106,2.90160442357451,1.19224541957684,0.24076939023147,0.288100380391175,0.69340823436151,0.156320988769074,0.36352455195843,2.18147593616741,0.39450507406459,0.341809179617224,0.717275316386444,0.459331969191481,0.336338221626004,0.505662821734506,0.355758969944785,0.267237319794084,0.366136569431534,0.203171948489653,0.23010462923373,1.23550564774591,0.219945765899029,1.8107488071076,0.376126051787231,0.525061609092182,1.04106276107038,0.0978422432297671,0.183149717485749,0.172610383975896,0.112578680429691,0.168439700659797,0.230449126277403,0.162110174752233,0.124379202487471,0.304373523554345,0.17405103731021,0.558391643459547,0.314661838301385,2.1905106966368,2.41088977937768,0.142419422491154,1.17278172759693,0.990067735711982,0.210967877185768,0.137638633731262,0.548615929351869,1.99727353896017,"Control","Saline","C/S"
0.563669003054531,0.744272638003622,0.300697371191206,2.16182367495269,3.69507458715136,0.200101495931419,0.1576898938559,1.76650720942518,0.164464609822804,1.60176672245696,0.769234496761326,0.257797494205133,0.242864919900872,0.208602147483185,0.835514970679435,0.613771916811447,1.52087923462164,1.2812284579804,0.3331337931948,0.661866571345724,0.40035963847549,0.30427964443464,0.12393981513589,1.21641146687961,2.63988254143421,1.20627685930141,0.188755003324453,0.225811141007487,0.611904519297508,0.127941859719412,0.430221394970418,1.86370689318273,0.424324945281746,0.329053207478619,0.68416411491246,0.591039653445919,0.340270315862396,0.513817655284108,0.391268847105504,0.279500617549603,0.431707656574936,0.168636671157602,0.212215608635973,1.096657990059,0.176178652040933,0.759100624794994,0.283365770966071,0.54343131740665,1.62509870591105,0.0792266365183747,0.156639089879284,0.147926726436,0.0908619311177435,0.144497900825733,0.145807514450212,0.198672086301601,0.127123476920119,0.184706607292752,0.126192417109742,0.493088000105232,0.255920632238905,1.55628366456289,2.01028364242327,0.143444436780593,1.03399648720693,0.795242382970835,0.204742897856791,0.111687975146968,0.357741020662365,1.31362137386763,"Ts65Dn","Saline","C/S"
0.491383680737181,0.825747725071923,0.356737694942706,2.50409239862209,3.82525684363846,0.200164221687998,0.169199426601618,2.11803545211318,0.213292396559649,1.48035706934864,0.63275174162058,0.3365151125319,0.328365334177141,0.269771273375412,0.833391775094397,0.706066091873044,1.687333381816,2.27565791538515,0.425349651627357,0.721319383803924,0.377759396031826,0.336467538369312,0.151141909908973,1.55472713474074,3.51479601139965,1.41581295385981,0.242789107498412,0.316844168775782,0.829401448768003,0.166395524793706,0.485534730104766,2.33780725388962,0.422739180879775,0.310108480534497,0.706073527972808,0.58448903881062,0.37521049253766,0.510927701490951,0.374229903013665,0.260319407420796,0.43438253579848,0.224183274807489,0.240555963057353,1.07683941306864,0.165134782482271,2.07175250375019,0.360861616701029,0.524297162726815,1.75934854535743,0.110123867417326,0.141021201544091,0.183768362323099,0.0989313364167181,0.16967177948154,0.154688613341652,0.195704266890134,0.137268130373949,0.20015359147301,0.124926655015062,0.462537719459877,0.289024253046307,1.52961002473898,2.23279882017014,0.145586098190409,1.23908973005136,0.913497748969013,0.210102226753409,0.100780750638882,0.535967410039277,1.83414476716583,"Ts65Dn","Saline","C/S"
0.406217487425403,0.628022525535109,0.29171310616879,2.36504458153531,3.74215102374298,0.201315730792741,0.149629859750156,2.59050517254734,0.187192842498953,1.21558477101159,0.497606152604524,0.257398003346025,0.364296641582891,0.239175116789433,0.809047691973573,0.518284729591682,1.51012177241313,2.03976068766272,0.503367996664045,0.66614617591386,0.327209953948789,0.338117811435753,0.138143376004875,1.26356772856984,2.52250166337504,1.21199779031732,0.209026241809738,0.25649987135417,0.655048185321659,0.144828400261272,0.35779895763757,2.16202981350178,0.376731229297206,0.36954587349121,0.685370879595003,0.447893754055596,0.366045545977254,0.482667842947046,0.397287825019014,0.252486297580638,0.376691474527864,0.354909327845812,0.20429451637471,1.02482157412641,0.186956599494046,2.18282494704709,0.316003357222156,0.56738167854172,1.04143441672973,0.111742744072884,0.158868517428833,0.203893327702385,0.126179724404153,0.145136946240572,0.181583224137968,0.145143726727545,0.126471487363947,0.239575023503188,0.132790749802427,0.469945328543558,0.292300635915845,1.74243299357292,2.22717400697397,0.136913507458192,1.09964755955215,0.954012931367705,0.226206674586016,0.115899963589071,0.42347543352291,1.72626902793481,"Control","Saline","C/S"
0.508365545818663,0.737848288880287,0.307036788251404,2.2991409803766,3.78894709440632,0.211930571350885,0.168668532115213,2.55277625519814,0.222089791001909,1.39626629680946,0.600773928672861,0.312053033367997,0.2935712461128,0.270241252780236,0.739652475504327,0.595479169206556,1.55050237430912,1.9471296895327,0.425282240678226,0.649912177679575,0.389964066925314,0.339705805254634,0.157441779087122,1.22050549018316,2.85222718085007,1.3456912433414,0.243650623644649,0.268647144587841,0.761198753860454,0.152221434077091,0.497886903130418,2.1473194144151,0.392324680894035,0.292940454254505,0.697099352116278,0.550604999499835,0.315134065805432,0.52198409792206,0.347673207790839,0.255544104348114,0.385459458443732,0.324674405679915,0.226518266102998,0.88385674378347,0.188091025670942,2.17605755690181,0.331037397336914,0.589199374478881,1.49264002794462,0.309528701526416,0.150807009138709,0.206736810640805,0.099660631174518,0.182512509595861,0.145826070903341,0.220533263238524,0.12535621258063,0.185565566248346,0.140707167553707,0.468952460130948,0.302606539427963,1.42365292760939,2.26788531575322,0.161794536453297,1.25670513628444,0.949823447862373,0.214970893333703,0.0924391606471809,0.49220121385442,1.69841768291146,"Ts65Dn","Saline","C/S"
0.43256745187911,0.564855789189842,0.328663506344543,2.22060554781117,3.98308127403533,0.290152372945924,0.184810984709794,3.74520223694932,0.273969037894356,1.54030173581225,0.630383841792413,0.316134850878245,0.31431453407795,0.355605269141468,0.791423644854703,0.69235399098087,1.31907465859093,1.30358639437449,0.490427375821839,0.68897621299633,0.478924076096339,0.444282811487306,0.224811040313973,0.999617599485042,2.47356041007229,0.978912631785393,0.290807258404978,0.298688937228081,0.612812859841928,0.227593317943827,0.427332583928218,2.00094612759036,0.4210080852093,0.351153916690989,0.751545565680243,0.646071434871728,0.393448681326892,0.526478175088068,0.473062877704307,0.328223552438326,0.410107165759427,0.219338443923667,0.207255250452987,0.833278502157288,0.206838412508729,0.959585622029944,0.289301869165936,0.638601007092235,0.880471832018083,0.108831220336976,0.191206306025959,0.188632607886396,0.10233427911639,0.13329976278489,0.129994035653883,0.138898120088327,0.163352609129865,0.179541733463458,0.0821445142899346,0.405753404683779,0.229160933282895,1.20326578306079,2.06915835458245,0.175691763408325,1.13417623007347,0.654666702095116,0.186794382422789,0.114007517477898,0.360959337671555,1.45218977312877,"Control","Saline","C/S"
0.238369424144203,0.418116649222244,0.2823679491349,2.14003029397533,2.94782767054754,0.270189998212038,0.190153532971317,3.24661866148292,0.235750428262118,1.02422746549756,0.220758311205511,0.305303343105874,0.284008159581239,0.286790348244185,0.768274573205122,0.572781447015492,1.2306822344307,1.46271065821925,0.466343199672454,0.648237299787474,0.281470651140163,0.353457391994844,0.184544770996573,0.98754524407638,2.05755986862475,1.11283478243302,0.252915020637098,0.289817640199244,0.728465904911928,0.18350482276257,0.398965047722992,2.04987620790544,0.449534275216817,0.386659996803153,0.667871119313676,0.562718954713828,0.327286986114452,0.520774472930164,0.279136779748772,0.277687033738932,0.357085975782339,0.676864503492025,0.189279592843378,0.741184028895299,0.166290232472599,2.77980464472077,0.291112300813354,0.556603609443413,0.771895659560564,0.599670668462666,0.154630649087527,0.1593607378679,0.104288144533562,0.155559990548458,0.185204067790591,0.336448676967422,0.107589804875324,0.175084222431761,0.0959617613963181,0.512587149737852,0.29805610779152,1.36234705905741,2.18908742385801,0.13656014324652,1.31677682584354,0.796478647395348,0.224192708834742,0.101847321326095,0.337062975948996,1.34482674103423,"Ts65Dn","Saline","S/C"
0.305580328671012,0.527962419196509,0.292571300235479,2.31320552778908,3.28589911934079,0.223916601121624,0.182663225390904,2.8828726374814,0.231298394885402,1.12168160375416,0.294628954007117,0.283922071997594,0.274412528281784,0.281827506131078,0.833316348585113,0.608688692664735,1.36133960537001,1.32243685763301,0.421471859250703,0.66102105643223,0.263698938214893,0.354711484740349,0.174096010160353,1.1263713274128,2.21077027952318,1.06256362319839,0.242867223468513,0.263579823006363,0.710569080439527,0.167259674575586,0.413737226609441,2.16980660972874,0.403063473764165,0.341718564128138,0.640338009428066,0.54118421549215,0.322002240859165,0.547328912710958,0.283451926263796,0.254262027914587,0.373726670584833,0.54773969626618,0.226329748306834,0.926181808659027,0.154318816692553,2.4733907788076,0.323284484628215,0.663734108667162,0.871653281301934,0.54437516631653,0.165802831076023,0.187390392836187,0.128013152402894,0.15642201625908,0.192448654753189,0.401284789906413,0.129708453098111,0.20682170052567,0.142296926039905,0.546474814979252,0.346031268134174,1.39184714911701,2.45195824056274,0.160306681646398,1.23898164008726,0.925844478671983,0.280572348599427,0.117281214759783,0.415977707612082,1.35711660589941,"Ts65Dn","Saline","S/C"
